title,dl_url,file_url,local,sha256,bytes,error
第73回東海高等学校総合体育大会バドミントン競技結果,https://aichikenkoutairen.jp/download/%e7%ac%ac73%e5%9b%9e%e6%9d%b1%e6%b5%b7%e9%ab%98%e7%ad%89%e5%ad%a6%e6%a0%a1%e7%b7%8f%e5%90%88%e4%bd%93%e8%82%b2%e5%a4%a7%e4%bc%9a%e3%83%90%e3%83%89%e3%83%9f%e3%83%b3%e3%83%88%e3%83%b3%e7%ab%b6-3/,https://aichikenkoutairen.jp/wp-content/uploads/2026/06/第73回東海高等学校総合体育大会バドミントン競技結果.pdf,raw/2026-06_第73回東海高等学校総合体育大会バドミントン競技結果.pdf,36597fceb96f1cde21cf7b0fc679c8f54150d7dd4216a991e7af94a6b4d5fd37,98521,
第73回東海高等学校総合体育大会バドミントン競技１日目結果,https://aichikenkoutairen.jp/download/%e7%ac%ac73%e5%9b%9e%e6%9d%b1%e6%b5%b7%e9%ab%98%e7%ad%89%e5%ad%a6%e6%a0%a1%e7%b7%8f%e5%90%88%e4%bd%93%e8%82%b2%e5%a4%a7%e4%bc%9a%e3%83%90%e3%83%89%e3%83%9f%e3%83%b3%e3%83%88%e3%83%b3%e7%ab%b6-2/,https://aichikenkoutairen.jp/wp-content/uploads/2026/06/第73回東海高等学校総合体育大会バドミントン競技１日目結果.pdf,raw/2026-06_第73回東海高等学校総合体育大会バドミントン競技１日目結果.pdf,4fedd65422edfb69a109ad3afc1affc78d0b1cc44977535bd616eeed78b3a738,88047,
【バドミントン】第80回愛知県高等学校総合体育大会　バドミントン競技　結果一覧,https://aichikenkoutairen.jp/download/%e7%ac%ac80%e5%9b%9e%e6%84%9b%e7%9f%a5%e7%9c%8c%e9%ab%98%e7%ad%89%e5%ad%a6%e6%a0%a1%e7%b7%8f%e5%90%88%e4%bd%93%e8%82%b2%e5%a4%a7%e4%bc%9a%e3%83%90%e3%83%89%e3%83%9f%e3%83%b3%e3%83%88%e3%83%b3-5/,https://aichikenkoutairen.jp/wp-content/uploads/2026/05/第80回愛知県高等学校総合体育大会バドミントン競技結果一覧.pdf,raw/2026-05_第80回愛知県高等学校総合体育大会バドミントン競技結果一覧.pdf,3a0ec0f590123e029e9363afbc4abe4a8b65cbfd0c7f795b2894e29d47423447,675911,
【バドミントン】第80回愛知県高等学校総合体育大会　バドミントン競技　三河支部予選会　女子結果,https://aichikenkoutairen.jp/download/%e3%80%90%e3%83%90%e3%83%89%e3%83%9f%e3%83%b3%e3%83%88%e3%83%b3%e3%80%91%e7%ac%ac%ef%bc%98%ef%bc%90%e5%9b%9e%e6%84%9b%e7%9f%a5%e7%9c%8c%e9%ab%98%e7%ad%89%e5%ad%a6%e6%a0%a1%e7%b7%8f%e5%90%88%e4%bd%93-7/,https://aichikenkoutairen.jp/download/%e3%80%90%e3%83%90%e3%83%89%e3%83%9f%e3%83%b3%e3%83%88%e3%83%b3%e3%80%91%e7%ac%ac%ef%bc%98%ef%bc%90%e5%9b%9e%e6%84%9b%e7%9f%a5%e7%9c%8c%e9%ab%98%e7%ad%89%e5%ad%a6%e6%a0%a1%e7%b7%8f%e5%90%88%e4%bd%93-7/?wpdmdl=10279,raw/【バドミントン】第８０回愛知県高等学校総合体-7.pdf,fe59d2c2faf8355e93a8d70b39050e1ad5a79dcfe42a1bcb874297589ef9d9dc,210230,
【バドミントン】第80回愛知県高等学校総合体育大会　バドミントン競技　三河支部予選会　男子結果,https://aichikenkoutairen.jp/download/%e3%80%90%e3%83%90%e3%83%89%e3%83%9f%e3%83%b3%e3%83%88%e3%83%b3%e3%80%91%e7%ac%ac%ef%bc%98%ef%bc%90%e5%9b%9e%e6%84%9b%e7%9f%a5%e7%9c%8c%e9%ab%98%e7%ad%89%e5%ad%a6%e6%a0%a1%e7%b7%8f%e5%90%88%e4%bd%93-6/,https://aichikenkoutairen.jp/download/%e3%80%90%e3%83%90%e3%83%89%e3%83%9f%e3%83%b3%e3%83%88%e3%83%b3%e3%80%91%e7%ac%ac%ef%bc%98%ef%bc%90%e5%9b%9e%e6%84%9b%e7%9f%a5%e7%9c%8c%e9%ab%98%e7%ad%89%e5%ad%a6%e6%a0%a1%e7%b7%8f%e5%90%88%e4%bd%93-6/?wpdmdl=10278,raw/【バドミントン】第８０回愛知県高等学校総合体-6.pdf,eec066cd01692c7716e43cc702555912a6c3323fb8c1e823c1de0549949122d9,226874,
【バドミントン】第80回愛知県高等学校総合体育大会　バドミントン競技　尾張支部予選会　結果,https://aichikenkoutairen.jp/download/%e3%80%90%e3%83%90%e3%83%89%e3%83%9f%e3%83%b3%e3%83%88%e3%83%b3%e3%80%91%e7%ac%ac%ef%bc%98%ef%bc%90%e5%9b%9e%e6%84%9b%e7%9f%a5%e7%9c%8c%e9%ab%98%e7%ad%89%e5%ad%a6%e6%a0%a1%e7%b7%8f%e5%90%88%e4%bd%93-5/,https://aichikenkoutairen.jp/download/%e3%80%90%e3%83%90%e3%83%89%e3%83%9f%e3%83%b3%e3%83%88%e3%83%b3%e3%80%91%e7%ac%ac%ef%bc%98%ef%bc%90%e5%9b%9e%e6%84%9b%e7%9f%a5%e7%9c%8c%e9%ab%98%e7%ad%89%e5%ad%a6%e6%a0%a1%e7%b7%8f%e5%90%88%e4%bd%93-5/?wpdmdl=10249,raw/【バドミントン】第８０回愛知県高等学校総合体-5.pdf,438d5e43fb40060aa4f15328b3384024a87ab7e42a2c4e9f1446f3cb72fcec74,1328609,
【バドミントン】第80回愛知県高等学校総合体育大会　バドミントン競技　名南・知多支部予選会　結果,https://aichikenkoutairen.jp/download/%e3%80%90%e3%83%90%e3%83%89%e3%83%9f%e3%83%b3%e3%83%88%e3%83%b3%e3%80%91%e7%ac%ac%ef%bc%98%ef%bc%90%e5%9b%9e%e6%84%9b%e7%9f%a5%e7%9c%8c%e9%ab%98%e7%ad%89%e5%ad%a6%e6%a0%a1%e7%b7%8f%e5%90%88%e4%bd%93-4/,https://aichikenkoutairen.jp/download/%e3%80%90%e3%83%90%e3%83%89%e3%83%9f%e3%83%b3%e3%83%88%e3%83%b3%e3%80%91%e7%ac%ac%ef%bc%98%ef%bc%90%e5%9b%9e%e6%84%9b%e7%9f%a5%e7%9c%8c%e9%ab%98%e7%ad%89%e5%ad%a6%e6%a0%a1%e7%b7%8f%e5%90%88%e4%bd%93-4/?wpdmdl=10245,raw/【バドミントン】第８０回愛知県高等学校総合体-4.pdf,218be7a46fe0dfcae7b7973fe35ee5140e8cbc2d4badf1ec235bc5264204ec60,961337,
【バドミントン】第80回愛知県高等学校総合体育大会　バドミントン競技　名古屋北支部予選会　全種目結果,https://aichikenkoutairen.jp/download/r8%e7%b7%8f%e4%bd%93%e5%90%8d%e5%8c%97%e6%94%af%e9%83%a8%e4%ba%88%e9%81%b8%e5%85%a8%e7%a8%ae%e7%9b%ae%e7%b5%90%e6%9e%9c/,https://aichikenkoutairen.jp/download/r8%e7%b7%8f%e4%bd%93%e5%90%8d%e5%8c%97%e6%94%af%e9%83%a8%e4%ba%88%e9%81%b8%e5%85%a8%e7%a8%ae%e7%9b%ae%e7%b5%90%e6%9e%9c/?wpdmdl=10229,raw/r8総体名北支部予選全種目結果.pdf,ad1e707d8a574cb85af4944acf9a71ad847598038e8b29ce230a9b5b0e076750,1303268,
【バドミントン】令和７年度愛知県高等学校新人体育大会　バドミントン競技　結果一覧,https://aichikenkoutairen.jp/download/%e4%bb%a4%e5%92%8c%ef%bc%97%e5%b9%b4%e5%ba%a6%e6%84%9b%e7%9f%a5%e7%9c%8c%e9%ab%98%e7%ad%89%e5%ad%a6%e6%a0%a1%e6%96%b0%e4%ba%ba%e4%bd%93%e8%82%b2%e5%a4%a7%e4%bc%9a%e3%83%90%e3%83%89%e3%83%9f%e3%83%b3-7/,https://aichikenkoutairen.jp/wp-content/uploads/2025/10/R7愛知県高等学校新人体育大会バドミントン競技結果一覧_merged.pdf,raw/2025-10_R7愛知県高等学校新人体育大会バドミントン競技結果一覧_merged.pdf,fad3e25a20351d0fad555c27f9e5c698c9e73e2d7c103892071d611570fbd0ff,730869,
【バドミントン】令和７年度愛知県高等学校新人体育大会　バドミントン競技　名南・知多支部予選会　全結果（訂正）,https://aichikenkoutairen.jp/download/%e3%80%90%e3%83%90%e3%83%89%e3%83%9f%e3%83%b3%e3%83%88%e3%83%b3%e3%80%91%e4%bb%a4%e5%92%8c%ef%bc%97%e5%b9%b4%e5%ba%a6%e6%96%b0%e4%ba%ba%e4%bd%93%e8%82%b2%e5%a4%a7%e4%bc%9a%e5%90%8d%e5%8d%97%e3%83%bb/,https://aichikenkoutairen.jp/download/%e3%80%90%e3%83%90%e3%83%89%e3%83%9f%e3%83%b3%e3%83%88%e3%83%b3%e3%80%91%e4%bb%a4%e5%92%8c%ef%bc%97%e5%b9%b4%e5%ba%a6%e6%96%b0%e4%ba%ba%e4%bd%93%e8%82%b2%e5%a4%a7%e4%bc%9a%e5%90%8d%e5%8d%97%e3%83%bb/?wpdmdl=9195,raw/【バドミントン】令和７年度新人体育大会名南・.pdf,206d4909af4a780df259825b45050d376fc67f237a7445c1b6cda55978094c95,991629,
【バドミントン】令和７年度愛知県高等学校新人体育大会　バドミントン競技　名古屋北支部予選会　全結果,https://aichikenkoutairen.jp/download/%e4%bb%a4%e5%92%8c%ef%bc%97%e5%b9%b4%e5%ba%a6%e6%96%b0%e4%ba%ba%e4%bd%93%e8%82%b2%e5%a4%a7%e4%bc%9a%e5%90%8d%e5%8c%97%e6%94%af%e9%83%a8%e4%ba%88%e9%81%b8%e5%85%a8%e7%b5%90%e6%9e%9c/,https://aichikenkoutairen.jp/download/%e4%bb%a4%e5%92%8c%ef%bc%97%e5%b9%b4%e5%ba%a6%e6%96%b0%e4%ba%ba%e4%bd%93%e8%82%b2%e5%a4%a7%e4%bc%9a%e5%90%8d%e5%8c%97%e6%94%af%e9%83%a8%e4%ba%88%e9%81%b8%e5%85%a8%e7%b5%90%e6%9e%9c/?wpdmdl=9173,raw/令和７年度新人体育大会名北支部予選全結果.pdf,82c2aa4125315e03b27bb083670924796240d367db4ac74207a291be58539d28,1269746,
【バドミントン】令和７年度愛知県高等学校新人体育大会　バドミントン競技　尾張支部予選会　女子結果,https://aichikenkoutairen.jp/download/%e3%80%90%e3%83%90%e3%83%89%e3%83%9f%e3%83%b3%e3%83%88%e3%83%b3%e3%80%91%e4%bb%a4%e5%92%8c%ef%bc%97%e5%b9%b4%e5%ba%a6%e6%84%9b%e7%9f%a5%e7%9c%8c%e9%ab%98%e7%ad%89%e5%ad%a6%e6%a0%a1%e6%96%b0%e4%ba%ba-4/,https://aichikenkoutairen.jp/download/%e3%80%90%e3%83%90%e3%83%89%e3%83%9f%e3%83%b3%e3%83%88%e3%83%b3%e3%80%91%e4%bb%a4%e5%92%8c%ef%bc%97%e5%b9%b4%e5%ba%a6%e6%84%9b%e7%9f%a5%e7%9c%8c%e9%ab%98%e7%ad%89%e5%ad%a6%e6%a0%a1%e6%96%b0%e4%ba%ba-4/?wpdmdl=9172,raw/【バドミントン】令和７年度愛知県高等学校新人-4.pdf,dbb4e3304c0d30b8429352784e7178cec85fe67a0d4059d27699cf10736f00c5,695883,
【バドミントン】令和７年度愛知県高等学校新人体育大会　バドミントン競技　尾張支部予選会　男子結果,https://aichikenkoutairen.jp/download/%e3%80%90%e3%83%90%e3%83%89%e3%83%9f%e3%83%b3%e3%83%88%e3%83%b3%e3%80%91%e4%bb%a4%e5%92%8c%ef%bc%97%e5%b9%b4%e5%ba%a6%e6%84%9b%e7%9f%a5%e7%9c%8c%e9%ab%98%e7%ad%89%e5%ad%a6%e6%a0%a1%e6%96%b0%e4%ba%ba-3/,https://aichikenkoutairen.jp/download/%e3%80%90%e3%83%90%e3%83%89%e3%83%9f%e3%83%b3%e3%83%88%e3%83%b3%e3%80%91%e4%bb%a4%e5%92%8c%ef%bc%97%e5%b9%b4%e5%ba%a6%e6%84%9b%e7%9f%a5%e7%9c%8c%e9%ab%98%e7%ad%89%e5%ad%a6%e6%a0%a1%e6%96%b0%e4%ba%ba-3/?wpdmdl=9171,raw/【バドミントン】令和７年度愛知県高等学校新人-3.pdf,1100ed0498971e36a52a6f382d12500667da61bee6ee4ed5ef1a5aaaf72c91c8,664958,
【バドミントン】令和７年度愛知県高等学校新人体育大会　バドミントン競技　三河支部予選会　女子結果,https://aichikenkoutairen.jp/download/%e3%80%90%e3%83%90%e3%83%89%e3%83%9f%e3%83%b3%e3%83%88%e3%83%b3%e3%80%91%e4%bb%a4%e5%92%8c7%e5%b9%b4%e5%ba%a6%e6%84%9b%e7%9f%a5%e7%9c%8c%e9%ab%98%e7%ad%89%e5%ad%a6%e6%a0%a1%e6%96%b0%e4%ba%ba-5/,https://aichikenkoutairen.jp/download/%e3%80%90%e3%83%90%e3%83%89%e3%83%9f%e3%83%b3%e3%83%88%e3%83%b3%e3%80%91%e4%bb%a4%e5%92%8c7%e5%b9%b4%e5%ba%a6%e6%84%9b%e7%9f%a5%e7%9c%8c%e9%ab%98%e7%ad%89%e5%ad%a6%e6%a0%a1%e6%96%b0%e4%ba%ba-5/?wpdmdl=9168,raw/【バドミントン】令和7年度愛知県高等学校新人-5.pdf,b87e5316ca0d5efe7596cd0a389e2af5fdcdf0325228fdf0cfe6f66c21a1a9cb,645656,
【バドミントン】令和７年度愛知県高等学校新人体育大会　バドミントン競技　三河支部予選会　男子結果,https://aichikenkoutairen.jp/download/%e3%80%90%e3%83%90%e3%83%89%e3%83%9f%e3%83%b3%e3%83%88%e3%83%b3%e3%80%91%e4%bb%a4%e5%92%8c7%e5%b9%b4%e5%ba%a6%e6%84%9b%e7%9f%a5%e7%9c%8c%e9%ab%98%e7%ad%89%e5%ad%a6%e6%a0%a1%e6%96%b0%e4%ba%ba-4/,https://aichikenkoutairen.jp/download/%e3%80%90%e3%83%90%e3%83%89%e3%83%9f%e3%83%b3%e3%83%88%e3%83%b3%e3%80%91%e4%bb%a4%e5%92%8c7%e5%b9%b4%e5%ba%a6%e6%84%9b%e7%9f%a5%e7%9c%8c%e9%ab%98%e7%ad%89%e5%ad%a6%e6%a0%a1%e6%96%b0%e4%ba%ba-4/?wpdmdl=9167,raw/【バドミントン】令和7年度愛知県高等学校新人-4.pdf,88e8a2e633b198956a0191fb321f264708fb6a522e50fd77e9529a7495cdf0d6,617725,
【バドミントン】第79回愛知県高等学校総合体育大会　バドミントン競技　結果一覧,https://aichikenkoutairen.jp/download/%e7%ac%ac%ef%bc%97%ef%bc%99%e5%9b%9e%e6%84%9b%e7%9f%a5%e7%9c%8c%e9%ab%98%e7%ad%89%e5%ad%a6%e6%a0%a1%e7%b7%8f%e5%90%88%e4%bd%93%e8%82%b2%e5%a4%a7%e4%bc%9a%e3%83%90%e3%83%89%e3%83%9f%e3%83%b3%e3%83%88/,https://aichikenkoutairen.jp/wp-content/uploads/2025/05/第７９回愛知県高等学校総合体育大会バドミントン競技県大会結果.pdf,raw/2025-05_第７９回愛知県高等学校総合体育大会バドミントン競技県大会結果.pdf,2d4d298ca9c7baeea9113c34fc640353fda22a14b677e69ee17b43559948a8f3,637744,
【バドミントン】第79回愛知県高等学校総合体育大会　バドミントン競技　名古屋北支部予選会　男女複・男女単結果,https://aichikenkoutairen.jp/download/r7%e7%b7%8f%e4%bd%93%e5%90%8d%e5%8c%97%e4%ba%88%e9%81%b8%e5%80%8b%e4%ba%ba%e6%88%a6%e5%85%a8%e7%b5%90%e6%9e%9c%e3%83%89%e3%83%ad%e3%83%bc/,https://aichikenkoutairen.jp/download/r7%e7%b7%8f%e4%bd%93%e5%90%8d%e5%8c%97%e4%ba%88%e9%81%b8%e5%80%8b%e4%ba%ba%e6%88%a6%e5%85%a8%e7%b5%90%e6%9e%9c%e3%83%89%e3%83%ad%e3%83%bc/?wpdmdl=8485,raw/r7総体名北予選個人戦全結果ドロー.pdf,dea6317592f4a40d7afc84d448183278850df5e170726f5d925c5d71288fbf2d,1239396,
【バドミントン】第79回愛知県高等学校総合体育大会　バドミントン競技　名南・知多支部予選会　全結果,https://aichikenkoutairen.jp/download/%e3%80%90%e3%83%90%e3%83%89%e3%83%9f%e3%83%b3%e3%83%88%e3%83%b3%e3%80%91%e7%ac%ac79%e5%9b%9e%e7%b7%8f%e5%90%88%e4%bd%93%e8%82%b2%e5%a4%a7%e4%bc%9a%e3%83%90%e3%83%89%e3%83%9f%e3%83%b3%e3%83%88%e3%83%b3/,https://aichikenkoutairen.jp/wp-content/uploads/2025/05/第７９回総体　大会結果_merged.pdf,raw/2025-05_第７９回総体　大会結果_merged.pdf,649a8b4e02d4b1072a976e981292005107ac114e2fb70bb2de44be18a212dad4,1236102,
【バドミントン】第79回愛知県高等学校総合体育大会　バドミントン競技　三河支部予選会　女子結果,https://aichikenkoutairen.jp/download/%e3%80%90%e3%83%90%e3%83%89%e3%83%9f%e3%83%b3%e3%83%88%e3%83%b3%e3%80%91%e7%ac%ac79%e5%9b%9e%e6%84%9b%e7%9f%a5%e7%9c%8c%e9%ab%98%e7%ad%89%e5%ad%a6%e6%a0%a1%e7%b7%8f%e5%90%88%e4%bd%93%e8%82%b2-2/,https://aichikenkoutairen.jp/download/%e3%80%90%e3%83%90%e3%83%89%e3%83%9f%e3%83%b3%e3%83%88%e3%83%b3%e3%80%91%e7%ac%ac79%e5%9b%9e%e6%84%9b%e7%9f%a5%e7%9c%8c%e9%ab%98%e7%ad%89%e5%ad%a6%e6%a0%a1%e7%b7%8f%e5%90%88%e4%bd%93%e8%82%b2-2/?wpdmdl=8469,raw/【バドミントン】第79回愛知県高等学校総合体育-2.pdf,94ee28636120c61b565a36a7c8167a9f762d62efaec168c1e6dc4b37fae6a473,533602,
【バドミントン】第79回愛知県高等学校総合体育大会　バドミントン競技　三河支部予選会　男子結果,https://aichikenkoutairen.jp/download/%e3%80%90%e3%83%90%e3%83%89%e3%83%9f%e3%83%b3%e3%83%88%e3%83%b3%e3%80%91%e7%ac%ac79%e5%9b%9e%e6%84%9b%e7%9f%a5%e7%9c%8c%e9%ab%98%e7%ad%89%e5%ad%a6%e6%a0%a1%e7%b7%8f%e5%90%88%e4%bd%93%e8%82%b2%e5%a4%a7/,https://aichikenkoutairen.jp/download/%e3%80%90%e3%83%90%e3%83%89%e3%83%9f%e3%83%b3%e3%83%88%e3%83%b3%e3%80%91%e7%ac%ac79%e5%9b%9e%e6%84%9b%e7%9f%a5%e7%9c%8c%e9%ab%98%e7%ad%89%e5%ad%a6%e6%a0%a1%e7%b7%8f%e5%90%88%e4%bd%93%e8%82%b2%e5%a4%a7/?wpdmdl=8468,raw/【バドミントン】第79回愛知県高等学校総合体育大.pdf,e40c2752cc75f93e4e8c5dfeee8f1e05dc2ab8253720d96a85e3c52469ffbf31,588230,
【バドミントン】第79回愛知県高等学校総合体育大会　バドミントン競技　尾張支部予選会　女子結果,https://aichikenkoutairen.jp/download/%e3%80%90%e3%83%90%e3%83%89%e3%83%9f%e3%83%b3%e3%83%88%e3%83%b3%e3%80%91%e7%ac%ac%ef%bc%97%ef%bc%99%e5%9b%9e%e6%84%9b%e7%9f%a5%e7%9c%8c%e9%ab%98%e7%ad%89%e5%ad%a6%e6%a0%a1%e7%b7%8f%e5%90%88%e4%bd%93-8/,https://aichikenkoutairen.jp/download/%e3%80%90%e3%83%90%e3%83%89%e3%83%9f%e3%83%b3%e3%83%88%e3%83%b3%e3%80%91%e7%ac%ac%ef%bc%97%ef%bc%99%e5%9b%9e%e6%84%9b%e7%9f%a5%e7%9c%8c%e9%ab%98%e7%ad%89%e5%ad%a6%e6%a0%a1%e7%b7%8f%e5%90%88%e4%bd%93-8/?wpdmdl=8465,raw/【バドミントン】第７９回愛知県高等学校総合体-8.pdf,1b7aa07ebc3ec3f9db3b08e18db5dc14bb595f8e4bbcacdf4df5d17de6ee1659,969072,
【バドミントン】第79回愛知県高等学校総合体育大会　バドミントン競技　尾張支部予選会　男子結果,https://aichikenkoutairen.jp/download/%e3%80%90%e3%83%90%e3%83%89%e3%83%9f%e3%83%b3%e3%83%88%e3%83%b3%e3%80%91%e7%ac%ac%ef%bc%97%ef%bc%99%e5%9b%9e%e6%84%9b%e7%9f%a5%e7%9c%8c%e9%ab%98%e7%ad%89%e5%ad%a6%e6%a0%a1%e7%b7%8f%e5%90%88%e4%bd%93-7/,https://aichikenkoutairen.jp/download/%e3%80%90%e3%83%90%e3%83%89%e3%83%9f%e3%83%b3%e3%83%88%e3%83%b3%e3%80%91%e7%ac%ac%ef%bc%97%ef%bc%99%e5%9b%9e%e6%84%9b%e7%9f%a5%e7%9c%8c%e9%ab%98%e7%ad%89%e5%ad%a6%e6%a0%a1%e7%b7%8f%e5%90%88%e4%bd%93-7/?wpdmdl=8464,raw/【バドミントン】第７９回愛知県高等学校総合体-7.pdf,37aaf284dd528a13856e3ef9e30c117b7c8f37afd2991f6d30c809f72cb0f393,970176,
【バドミントン】第79回愛知県高等学校総合体育大会　バドミントン競技　名古屋北支部予選会　男子学校対抗団体戦結果,https://aichikenkoutairen.jp/download/r7%e7%b7%8f%e4%bd%93%e5%90%8d%e5%8c%97%e7%94%b7%e5%ad%90%e5%ad%a6%e6%a0%a1%e5%af%be%e6%8a%97%e7%b5%90%e6%9e%9c/,https://aichikenkoutairen.jp/download/r7%e7%b7%8f%e4%bd%93%e5%90%8d%e5%8c%97%e7%94%b7%e5%ad%90%e5%ad%a6%e6%a0%a1%e5%af%be%e6%8a%97%e7%b5%90%e6%9e%9c/?wpdmdl=8310,raw/r7総体名北男子学校対抗結果.pdf,a8b7cd7e9f8b47ca069dbd93b95c8780f3a3a80d72dd30019678154058228023,557257,
【バドミントン】第79回愛知県高等学校総合体育大会　バドミントン競技　名古屋北支部予選会　女子学校対抗団体戦結果,https://aichikenkoutairen.jp/download/r7%e5%90%8d%e5%8c%97%e5%a5%b3%e5%ad%90%e5%ad%a6%e6%a0%a1%e5%af%be%e6%8a%97%e7%b5%90%e6%9e%9c/,https://aichikenkoutairen.jp/download/r7%e5%90%8d%e5%8c%97%e5%a5%b3%e5%ad%90%e5%ad%a6%e6%a0%a1%e5%af%be%e6%8a%97%e7%b5%90%e6%9e%9c/?wpdmdl=8309,raw/r7名北女子学校対抗結果.pdf,b4dcf944c050aa9cbab17a5a018d88e90e62a79251d2e512220625b24c066346,545092,
【バドミントン】令和６年度愛知県高等学校新人体育大会　バドミントン競技　結果一覧,https://aichikenkoutairen.jp/download/%e4%bb%a4%e5%92%8c%ef%bc%96%e5%b9%b4%e5%ba%a6%e6%84%9b%e7%9f%a5%e7%9c%8c%e9%ab%98%e7%ad%89%e5%ad%a6%e6%a0%a1%e6%96%b0%e4%ba%ba%e4%bd%93%e8%82%b2%e5%a4%a7%e4%bc%9a%e3%83%90%e3%83%89%e3%83%9f%e3%83%b3-4/,https://aichikenkoutairen.jp/wp-content/uploads/2024/10/令和６年度愛知県高等学校新人体育大会バドミントン競技県大会結果一覧.pdf,raw/2024-10_令和６年度愛知県高等学校新人体育大会バドミントン競技県大会結果一覧.pdf,e83a66e837907e9d0ad6a5f2480a5f165e3e0b6e1996777fe229845d9c463031,728085,
【バドミントン】令和６年度愛知県高等学校新人体育大会　バドミントン競技　名古屋北支部予選会　学校対抗団体戦結果,https://aichikenkoutairen.jp/download/%e4%bb%a4%e5%92%8c%ef%bc%96%e5%b9%b4%e5%ba%a6%e6%96%b0%e4%ba%ba%e4%bd%93%e8%82%b2%e5%a4%a7%e4%bc%9a%e5%90%8d%e5%8c%97%e6%94%af%e9%83%a8%e4%ba%88%e9%81%b8%e7%b5%90%e6%9e%9c%e3%81%be%e3%81%a8%e3%82%81/,https://aichikenkoutairen.jp/download/%e4%bb%a4%e5%92%8c%ef%bc%96%e5%b9%b4%e5%ba%a6%e6%96%b0%e4%ba%ba%e4%bd%93%e8%82%b2%e5%a4%a7%e4%bc%9a%e5%90%8d%e5%8c%97%e6%94%af%e9%83%a8%e4%ba%88%e9%81%b8%e7%b5%90%e6%9e%9c%e3%81%be%e3%81%a8%e3%82%81/?wpdmdl=7420,raw/令和６年度新人体育大会名北支部予選結果まとめ.pdf,25a72d3c92414ce48a4a950bca94e595edc784b67dc3828ce68731781731f649,124928,
【バドミントン】令和６年度愛知県高等学校新人体育大会　バドミントン競技　名古屋北支部予選会　個人戦全結果,https://aichikenkoutairen.jp/download/%e4%bb%a4%e5%92%8c%ef%bc%96%e5%b9%b4%e5%ba%a6%e6%84%9b%e7%9f%a5%e7%9c%8c%e9%ab%98%e7%ad%89%e5%ad%a6%e6%a0%a1%e6%96%b0%e4%ba%ba%e4%bd%93%e8%82%b2%e5%a4%a7%e4%bc%9a%e5%90%8d%e5%8c%97%e6%94%af%e9%83%a8/,https://aichikenkoutairen.jp/download/%e4%bb%a4%e5%92%8c%ef%bc%96%e5%b9%b4%e5%ba%a6%e6%84%9b%e7%9f%a5%e7%9c%8c%e9%ab%98%e7%ad%89%e5%ad%a6%e6%a0%a1%e6%96%b0%e4%ba%ba%e4%bd%93%e8%82%b2%e5%a4%a7%e4%bc%9a%e5%90%8d%e5%8c%97%e6%94%af%e9%83%a8/?wpdmdl=7408,raw/令和６年度愛知県高等学校新人体育大会名北支部.pdf,0a48d980b2170dfabe153aa44c6bdbd5ac74dcff946bdc1133631be86b4c97ae,675843,
【バドミントン】令和６年度愛知県高等学校新人体育大会　バドミントン競技　三河支部予選会　女子結果,https://aichikenkoutairen.jp/download/%e3%80%90%e3%83%90%e3%83%89%e3%83%9f%e3%83%b3%e3%83%88%e3%83%b3%e3%80%91%e4%bb%a4%e5%92%8c6%e5%b9%b4%e5%ba%a6%e6%84%9b%e7%9f%a5%e7%9c%8c%e9%ab%98%e7%ad%89%e5%ad%a6%e6%a0%a1%e6%96%b0%e4%ba%ba-2/,https://aichikenkoutairen.jp/download/%e3%80%90%e3%83%90%e3%83%89%e3%83%9f%e3%83%b3%e3%83%88%e3%83%b3%e3%80%91%e4%bb%a4%e5%92%8c6%e5%b9%b4%e5%ba%a6%e6%84%9b%e7%9f%a5%e7%9c%8c%e9%ab%98%e7%ad%89%e5%ad%a6%e6%a0%a1%e6%96%b0%e4%ba%ba-2/?wpdmdl=7395,raw/【バドミントン】令和6年度愛知県高等学校新人-2.pdf,a539bb4a15382c7a0e7cae983ecbc4c1ab709de0b760bc979b0a6c572d6cc737,462582,
【バドミントン】令和６年度愛知県高等学校新人体育大会　バドミントン競技　三河支部予選会　男子結果,https://aichikenkoutairen.jp/download/%e3%80%90%e3%83%90%e3%83%89%e3%83%9f%e3%83%b3%e3%83%88%e3%83%b3%e3%80%91%e4%bb%a4%e5%92%8c6%e5%b9%b4%e5%ba%a6%e6%84%9b%e7%9f%a5%e7%9c%8c%e9%ab%98%e7%ad%89%e5%ad%a6%e6%a0%a1%e6%96%b0%e4%ba%ba%e4%bd%93/,https://aichikenkoutairen.jp/download/%e3%80%90%e3%83%90%e3%83%89%e3%83%9f%e3%83%b3%e3%83%88%e3%83%b3%e3%80%91%e4%bb%a4%e5%92%8c6%e5%b9%b4%e5%ba%a6%e6%84%9b%e7%9f%a5%e7%9c%8c%e9%ab%98%e7%ad%89%e5%ad%a6%e6%a0%a1%e6%96%b0%e4%ba%ba%e4%bd%93/?wpdmdl=7394,raw/【バドミントン】令和6年度愛知県高等学校新人体.pdf,98cdc2ee32512c47a0e0655bc88e8cc3632afb58e0534ef2b3e827a3510ab1d8,502896,
【バドミントン】令和６年度愛知県高等学校新人体育大会　バドミントン競技　尾張支部予選会　女子結果,https://aichikenkoutairen.jp/download/%e3%80%90%e3%83%90%e3%83%89%e3%83%9f%e3%83%b3%e3%83%88%e3%83%b3%e3%80%91%e4%bb%a4%e5%92%8c%ef%bc%96%e5%b9%b4%e5%ba%a6%e6%84%9b%e7%9f%a5%e7%9c%8c%e9%ab%98%e7%ad%89%e5%ad%a6%e6%a0%a1%e6%96%b0%e4%ba%ba-2/,https://aichikenkoutairen.jp/download/%e3%80%90%e3%83%90%e3%83%89%e3%83%9f%e3%83%b3%e3%83%88%e3%83%b3%e3%80%91%e4%bb%a4%e5%92%8c%ef%bc%96%e5%b9%b4%e5%ba%a6%e6%84%9b%e7%9f%a5%e7%9c%8c%e9%ab%98%e7%ad%89%e5%ad%a6%e6%a0%a1%e6%96%b0%e4%ba%ba-2/?wpdmdl=7371,raw/【バドミントン】令和６年度愛知県高等学校新人-2.pdf,1b82d34a8abcf39dbbcbe35daced2135e35b5fd06b173250d719119360afb5be,1030037,
【バドミントン】令和６年度愛知県高等学校新人体育大会　バドミントン競技　尾張支部予選会　男子結果,https://aichikenkoutairen.jp/download/%e3%80%90%e3%83%90%e3%83%89%e3%83%9f%e3%83%b3%e3%83%88%e3%83%b3%e3%80%91%e4%bb%a4%e5%92%8c%ef%bc%96%e5%b9%b4%e5%ba%a6%e6%84%9b%e7%9f%a5%e7%9c%8c%e9%ab%98%e7%ad%89%e5%ad%a6%e6%a0%a1%e6%96%b0%e4%ba%ba/,https://aichikenkoutairen.jp/download/%e3%80%90%e3%83%90%e3%83%89%e3%83%9f%e3%83%b3%e3%83%88%e3%83%b3%e3%80%91%e4%bb%a4%e5%92%8c%ef%bc%96%e5%b9%b4%e5%ba%a6%e6%84%9b%e7%9f%a5%e7%9c%8c%e9%ab%98%e7%ad%89%e5%ad%a6%e6%a0%a1%e6%96%b0%e4%ba%ba/?wpdmdl=7370,raw/【バドミントン】令和６年度愛知県高等学校新人.pdf,2e7c886cefa7e77c24f3eb941a320c535732ed9547d24a5b290f5bae234b240b,1040218,
【バドミントン】令和６年度愛知県高等学校新人体育大会　バドミントン競技　名南・知多支部予選会　全結果,https://aichikenkoutairen.jp/download/%e3%80%90%e3%83%90%e3%83%89%e3%83%9f%e3%83%b3%e3%83%88%e3%83%b3%e3%80%91%e4%bb%a4%e5%92%8c%ef%bc%96%e5%b9%b4%e5%ba%a6%e6%96%b0%e4%ba%ba%e6%88%a6%e5%90%8d%e5%8d%97%e3%83%bb%e7%9f%a5%e5%a4%9a%e6%94%af/,https://aichikenkoutairen.jp/wp-content/uploads/2024/09/令和６年度新人大会全結果まとめ.pdf,raw/2024-09_令和６年度新人大会全結果まとめ.pdf,d955c6caa390dc64e7ed8fbc3adad11f634e49aa6e93ec2360c92baf2cc11c50,944960,
【バドミントン】第78回愛知県高等学校総合体育大会　バドミントン競技　名古屋北支部予選会　学校対抗団体戦結果,https://aichikenkoutairen.jp/download/%e7%b7%8f%e4%bd%93%e5%90%8d%e5%8c%97%e6%94%af%e9%83%a8%e4%ba%88%e9%81%b8%e5%ad%a6%e6%a0%a1%e5%af%be%e6%8a%97%e6%88%a6%e7%b5%90%e6%9e%9c/,https://aichikenkoutairen.jp/download/%e7%b7%8f%e4%bd%93%e5%90%8d%e5%8c%97%e6%94%af%e9%83%a8%e4%ba%88%e9%81%b8%e5%ad%a6%e6%a0%a1%e5%af%be%e6%8a%97%e6%88%a6%e7%b5%90%e6%9e%9c/?wpdmdl=7172,raw/総体名北支部予選学校対抗戦結果.pdf,a949e9d6d8c4d449cd2632d44c7eb0268992653895fcab8ea113edbfd881b3a5,166672,
【バドミントン】第78回愛知県高等学校総合体育大会　バドミントン競技　結果一覧,https://aichikenkoutairen.jp/download/%e7%ac%ac78%e5%9b%9e%e6%84%9b%e7%9f%a5%e7%9c%8c%e9%ab%98%e7%ad%89%e5%ad%a6%e6%a0%a1%e7%b7%8f%e5%90%88%e4%bd%93%e8%82%b2%e5%a4%a7%e4%bc%9a%e3%83%90%e3%83%89%e3%83%9f%e3%83%b3%e3%83%88%e3%83%b3-3/,https://aichikenkoutairen.jp/wp-content/uploads/2024/06/第78回愛知県高等学校総合体育大会バドミントン競技県大会-結果一覧.pdf,raw/2024-06_第78回愛知県高等学校総合体育大会バドミントン競技県大会-結果一覧.pdf,7baad5f370766dc18f9a4ea94644f44df8e4e7227575d8e091905a3b873da600,661677,
【バドミントン】第78回愛知県高等学校総合体育大会　バドミントン競技　名南・知多支部予選会　大会結果,https://aichikenkoutairen.jp/download/%e3%80%90%e3%83%90%e3%83%89%e3%83%9f%e3%83%b3%e3%83%88%e3%83%b3%e3%80%91%e7%ac%ac%ef%bc%97%ef%bc%98%e5%9b%9e%e7%b7%8f%e5%90%88%e4%bd%93%e8%82%b2%e5%a4%a7%e4%bc%9a%e3%83%90%e3%83%89%e3%83%9f%e3%83%b3/,https://aichikenkoutairen.jp/wp-content/uploads/2024/05/７８総体大会結果.pdf,raw/2024-05_７８総体大会結果.pdf,b5a386f590878557757e6a461dad48ab2a9c89e4b5890467ee500ad5cff74512,1112251,
【バドミントン】第78回愛知県高等学校総合体育大会　バドミントン競技　三河支部予選会　女子結果,https://aichikenkoutairen.jp/download/%e3%80%90%e3%83%90%e3%83%89%e3%83%9f%e3%83%b3%e3%83%88%e3%83%b3%e3%80%91%e7%ac%ac%ef%bc%97%ef%bc%98%e5%9b%9e%e6%84%9b%e7%9f%a5%e7%9c%8c%e9%ab%98%e7%ad%89%e5%ad%a6%e6%a0%a1%e7%b7%8f%e5%90%88-11/,https://aichikenkoutairen.jp/download/%e3%80%90%e3%83%90%e3%83%89%e3%83%9f%e3%83%b3%e3%83%88%e3%83%b3%e3%80%91%e7%ac%ac%ef%bc%97%ef%bc%98%e5%9b%9e%e6%84%9b%e7%9f%a5%e7%9c%8c%e9%ab%98%e7%ad%89%e5%ad%a6%e6%a0%a1%e7%b7%8f%e5%90%88-11/?wpdmdl=6648,raw/【バドミントン】第７８回愛知県高等学校総合-11.pdf,81ba60870daeb4ca91c42b82b1f70d5e421c9973753ca54e67b04547200288db,474945,
【バドミントン】第78回愛知県高等学校総合体育大会　バドミントン競技　三河支部予選会　男子結果,https://aichikenkoutairen.jp/download/%e3%80%90%e3%83%90%e3%83%89%e3%83%9f%e3%83%b3%e3%83%88%e3%83%b3%e3%80%91%e7%ac%ac%ef%bc%97%ef%bc%98%e5%9b%9e%e6%84%9b%e7%9f%a5%e7%9c%8c%e9%ab%98%e7%ad%89%e5%ad%a6%e6%a0%a1%e7%b7%8f%e5%90%88-10/,https://aichikenkoutairen.jp/download/%e3%80%90%e3%83%90%e3%83%89%e3%83%9f%e3%83%b3%e3%83%88%e3%83%b3%e3%80%91%e7%ac%ac%ef%bc%97%ef%bc%98%e5%9b%9e%e6%84%9b%e7%9f%a5%e7%9c%8c%e9%ab%98%e7%ad%89%e5%ad%a6%e6%a0%a1%e7%b7%8f%e5%90%88-10/?wpdmdl=6647,raw/【バドミントン】第７８回愛知県高等学校総合-10.pdf,eb4beaeee2165c19683ebe8ae258ec74b7b1fdafb6010c95bb23dccbb32f97c6,474929,
【バドミントン】第78回愛知県高等学校総合体育大会　バドミントン競技　名古屋北支部予選会　個人戦全結果,https://aichikenkoutairen.jp/download/%e7%ac%ac%ef%bc%97%ef%bc%98%e5%9b%9e%e6%84%9b%e7%9f%a5%e9%ab%98%e7%ad%89%e5%ad%a6%e6%a0%a1%e7%b7%8f%e5%90%88%e4%bd%93%e8%82%b2%e5%a4%a7%e4%bc%9a%e5%90%8d%e5%8c%97%e6%94%af%e9%83%a8%e4%ba%88%e9%81%b8/,https://aichikenkoutairen.jp/download/%e7%ac%ac%ef%bc%97%ef%bc%98%e5%9b%9e%e6%84%9b%e7%9f%a5%e9%ab%98%e7%ad%89%e5%ad%a6%e6%a0%a1%e7%b7%8f%e5%90%88%e4%bd%93%e8%82%b2%e5%a4%a7%e4%bc%9a%e5%90%8d%e5%8c%97%e6%94%af%e9%83%a8%e4%ba%88%e9%81%b8/?wpdmdl=6641,raw/第７８回愛知高等学校総合体育大会名北支部予選.pdf,13b4a06c70dbfb4626eb3dfe0329fc1aa339fe609f204a5752a56189cc1327d6,776167,
【バドミントン】第78回愛知県高等学校総合体育大会　バドミントン競技　尾張支部予選会　女子結果,https://aichikenkoutairen.jp/download/%e3%80%90%e3%83%90%e3%83%89%e3%83%9f%e3%83%b3%e3%83%88%e3%83%b3%e3%80%91%e7%ac%ac%ef%bc%97%ef%bc%98%e5%9b%9e%e6%84%9b%e7%9f%a5%e7%9c%8c%e9%ab%98%e7%ad%89%e5%ad%a6%e6%a0%a1%e7%b7%8f%e5%90%88%e4%bd%93-9/,https://aichikenkoutairen.jp/download/%e3%80%90%e3%83%90%e3%83%89%e3%83%9f%e3%83%b3%e3%83%88%e3%83%b3%e3%80%91%e7%ac%ac%ef%bc%97%ef%bc%98%e5%9b%9e%e6%84%9b%e7%9f%a5%e7%9c%8c%e9%ab%98%e7%ad%89%e5%ad%a6%e6%a0%a1%e7%b7%8f%e5%90%88%e4%bd%93-9/?wpdmdl=6590,raw/【バドミントン】第７８回愛知県高等学校総合体-9.pdf,41fb0d4823daf4b2157ab0c5b2babd224c4b2da7a9971fb658d5741413436071,1043005,
【バドミントン】第78回愛知県高等学校総合体育大会　バドミントン競技　尾張支部予選会　男子結果,https://aichikenkoutairen.jp/download/%e3%80%90%e3%83%90%e3%83%89%e3%83%9f%e3%83%b3%e3%83%88%e3%83%b3%e3%80%91%e7%ac%ac%ef%bc%97%ef%bc%98%e5%9b%9e%e6%84%9b%e7%9f%a5%e7%9c%8c%e9%ab%98%e7%ad%89%e5%ad%a6%e6%a0%a1%e7%b7%8f%e5%90%88%e4%bd%93-8/,https://aichikenkoutairen.jp/download/%e3%80%90%e3%83%90%e3%83%89%e3%83%9f%e3%83%b3%e3%83%88%e3%83%b3%e3%80%91%e7%ac%ac%ef%bc%97%ef%bc%98%e5%9b%9e%e6%84%9b%e7%9f%a5%e7%9c%8c%e9%ab%98%e7%ad%89%e5%ad%a6%e6%a0%a1%e7%b7%8f%e5%90%88%e4%bd%93-8/?wpdmdl=6589,raw/【バドミントン】第７８回愛知県高等学校総合体-8.pdf,9776a874718b0a6d21b411c46b5ee77ab3c0f1fae68e1e230eadee09312bd5b3,1035864,
【バドミントン】令和５年度愛知県高等学校新人体育大会　バドミントン競技　結果一覧,https://aichikenkoutairen.jp/download/%e4%bb%a4%e5%92%8c%ef%bc%95%e5%b9%b4%e5%ba%a6%e6%84%9b%e7%9f%a5%e7%9c%8c%e9%ab%98%e7%ad%89%e5%ad%a6%e6%a0%a1%e6%96%b0%e4%ba%ba%e4%bd%93%e8%82%b2%e5%a4%a7%e4%bc%9a%e3%83%90%e3%83%89%e3%83%9f%e3%83%b3-4/,https://aichikenkoutairen.jp/wp-content/uploads/2023/10/令和５年度愛知県高等学校新人体育大会バドミントン競技県大会結果一覧.pdf,raw/2023-10_令和５年度愛知県高等学校新人体育大会バドミントン競技県大会結果一覧.pdf,ec39cfb6735671d7d98d6f830fa892e68526b707ac0fbd713d62e6bb6a3c28f4,751412,
【バドミントン】令和５年度愛知県高等学校新人体育大会　バドミントン競技　三河支部予選会　女子結果,https://aichikenkoutairen.jp/download/%e4%bb%a4%e5%92%8c%ef%bc%95%e5%b9%b4%e5%ba%a6%e3%80%80%e6%84%9b%e7%9f%a5%e7%9c%8c%e9%ab%98%e7%ad%89%e5%ad%a6%e6%a0%a1%e6%96%b0%e4%ba%ba%e4%bd%93%e8%82%b2%e5%a4%a7%e4%bc%9a%e4%b8%89%e6%b2%b3%e6%94%af-2/,https://aichikenkoutairen.jp/download/%e4%bb%a4%e5%92%8c%ef%bc%95%e5%b9%b4%e5%ba%a6%e3%80%80%e6%84%9b%e7%9f%a5%e7%9c%8c%e9%ab%98%e7%ad%89%e5%ad%a6%e6%a0%a1%e6%96%b0%e4%ba%ba%e4%bd%93%e8%82%b2%e5%a4%a7%e4%bc%9a%e4%b8%89%e6%b2%b3%e6%94%af-2/?wpdmdl=5513,raw/令和５年度　愛知県高等学校新人体育大会三河支-2.pdf,8e793fc8856ae3d6fa7e7289f6a8cd53701cbe40e7529fbcfb873af02510f9fe,360521,
【バドミントン】令和５年度愛知県高等学校新人体育大会　バドミントン競技　三河支部予選会　男子結果,https://aichikenkoutairen.jp/download/%e4%bb%a4%e5%92%8c%ef%bc%95%e5%b9%b4%e5%ba%a6%e3%80%80%e6%84%9b%e7%9f%a5%e7%9c%8c%e9%ab%98%e7%ad%89%e5%ad%a6%e6%a0%a1%e6%96%b0%e4%ba%ba%e4%bd%93%e8%82%b2%e5%a4%a7%e4%bc%9a%e4%b8%89%e6%b2%b3%e6%94%af/,https://aichikenkoutairen.jp/download/%e4%bb%a4%e5%92%8c%ef%bc%95%e5%b9%b4%e5%ba%a6%e3%80%80%e6%84%9b%e7%9f%a5%e7%9c%8c%e9%ab%98%e7%ad%89%e5%ad%a6%e6%a0%a1%e6%96%b0%e4%ba%ba%e4%bd%93%e8%82%b2%e5%a4%a7%e4%bc%9a%e4%b8%89%e6%b2%b3%e6%94%af/?wpdmdl=5512,raw/令和５年度　愛知県高等学校新人体育大会三河支.pdf,fde9a830ff418fd8f9c6f6dea7a11c4a02f3de049ae5b6590ae9e08605fe194e,382707,
【バドミントン】令和５年度愛知県高等学校新人体育大会　バドミントン競技　名古屋北支部予選会　全結果,https://aichikenkoutairen.jp/download/%e4%bb%a4%e5%92%8c%ef%bc%95%e5%b9%b4%e5%ba%a6%e6%96%b0%e4%ba%ba%e6%88%a6%e5%90%8d%e5%8c%97%e4%ba%88%e9%81%b8%e3%81%8c%e5%ad%a6%e6%a0%a1%e5%af%be%e6%8a%97%e7%b5%90%e6%9e%9c%e3%81%a8%e5%80%8b%e4%ba%ba/,https://aichikenkoutairen.jp/download/%e4%bb%a4%e5%92%8c%ef%bc%95%e5%b9%b4%e5%ba%a6%e6%96%b0%e4%ba%ba%e6%88%a6%e5%90%8d%e5%8c%97%e4%ba%88%e9%81%b8%e3%81%8c%e5%ad%a6%e6%a0%a1%e5%af%be%e6%8a%97%e7%b5%90%e6%9e%9c%e3%81%a8%e5%80%8b%e4%ba%ba/?wpdmdl=5511,raw/令和５年度新人戦名北予選が学校対抗結果と個人.pdf,e70642cc48260e827c14c294ed08171b2294ad23df580c8dc4d145352a4a7709,1081452,
【バドミントン】令和５年度愛知県高等学校新人体育大会　バドミントン競技　名南・知多支部予選会　全結果,https://aichikenkoutairen.jp/download/%e3%80%90%e3%83%90%e3%83%89%e3%83%9f%e3%83%b3%e3%83%88%e3%83%b3%e3%80%91%e4%bb%a4%e5%92%8c%ef%bc%95%e5%b9%b4%e5%ba%a6%e6%96%b0%e4%ba%ba%e4%bd%93%e8%82%b2%e5%a4%a7%e4%bc%9a%e5%90%8d%e5%8d%97%e3%83%bb/,https://aichikenkoutairen.jp/wp-content/uploads/2023/10/令和５年度新人体育大会全試合結果.pdf,raw/2023-10_令和５年度新人体育大会全試合結果.pdf,383e52508436848a227ab3bf11bde79820df33d08a02bbb8d6821be03003d16a,1001213,
【バドミントン】令和５年度愛知県高等学校新人体育大会　バドミントン競技　尾張支部予選会　男子結果,https://aichikenkoutairen.jp/download/%e3%83%90%e3%83%89%e3%83%9f%e3%83%b3%e3%83%88%e3%83%b3%e3%80%91%e4%bb%a4%e5%92%8c%ef%bc%95%e5%b9%b4%e5%ba%a6%e6%84%9b%e7%9f%a5%e7%9c%8c%e9%ab%98%e7%ad%89%e5%ad%a6%e6%a0%a1%e6%96%b0%e4%ba%ba%e4%bd%93/,https://aichikenkoutairen.jp/download/%e3%83%90%e3%83%89%e3%83%9f%e3%83%b3%e3%83%88%e3%83%b3%e3%80%91%e4%bb%a4%e5%92%8c%ef%bc%95%e5%b9%b4%e5%ba%a6%e6%84%9b%e7%9f%a5%e7%9c%8c%e9%ab%98%e7%ad%89%e5%ad%a6%e6%a0%a1%e6%96%b0%e4%ba%ba%e4%bd%93/?wpdmdl=5476,raw/バドミントン】令和５年度愛知県高等学校新人体.pdf,03f1aaa037438622a150faafb1daf6cdf2425f3e71fb9db2fbd7210c5e4ef1e5,635335,
【バドミントン】令和５年度愛知県高等学校新人体育大会　バドミントン競技　尾張支部予選会　女子結果,https://aichikenkoutairen.jp/download/%e3%80%90%e3%83%90%e3%83%89%e3%83%9f%e3%83%b3%e3%83%88%e3%83%b3%e3%80%91%e4%bb%a4%e5%92%8c%ef%bc%95%e5%b9%b4%e5%ba%a6%e6%84%9b%e7%9f%a5%e7%9c%8c%e9%ab%98%e7%ad%89%e5%ad%a6%e6%a0%a1%e6%96%b0%e4%ba%ba-4/,https://aichikenkoutairen.jp/download/%e3%80%90%e3%83%90%e3%83%89%e3%83%9f%e3%83%b3%e3%83%88%e3%83%b3%e3%80%91%e4%bb%a4%e5%92%8c%ef%bc%95%e5%b9%b4%e5%ba%a6%e6%84%9b%e7%9f%a5%e7%9c%8c%e9%ab%98%e7%ad%89%e5%ad%a6%e6%a0%a1%e6%96%b0%e4%ba%ba-4/?wpdmdl=5475,raw/【バドミントン】令和５年度愛知県高等学校新人-4.pdf,15cf880ab83d75d70e0e6033f9f28224f0ec2887aa923578c6983c02cbdb6f21,616379,
【バドミントン】第77回愛知県高等学校総合体育大会　バドミントン競技　結果一覧,https://aichikenkoutairen.jp/download/%e7%ac%ac77%e5%9b%9e%e6%84%9b%e7%9f%a5%e7%9c%8c%e9%ab%98%e7%ad%89%e5%ad%a6%e6%a0%a1%e7%b7%8f%e5%90%88%e4%bd%93%e8%82%b2%e5%a4%a7%e4%bc%9a%e3%83%90%e3%83%89%e3%83%9f%e3%83%b3%e3%83%88%e3%83%b3-3/,https://aichikenkoutairen.jp/wp-content/uploads/2023/05/第77回愛知県高等学校総合体育大会バドミントン競技県大会結果一覧.pdf,raw/2023-05_第77回愛知県高等学校総合体育大会バドミントン競技県大会結果一覧.pdf,51ec2d7ca250bd2e657144403a424d004085c92e6da071fa1491fc26bfed650d,740887,
【バドミントン】第77回愛知県高等学校総合体育大会　バドミントン競技　三河支部予選会　女子結果,https://aichikenkoutairen.jp/download/%e6%84%9b%e7%9f%a5%e7%9c%8c%e9%ab%98%e7%ad%89%e5%ad%a6%e6%a0%a1%e7%b7%8f%e5%90%88%e4%bd%93%e8%82%b2%e5%a4%a7%e4%bc%9a%e3%83%90%e3%83%89%e3%83%9f%e3%83%b3%e3%83%88%e3%83%b3%e7%ab%b6%e6%8a%80%e4%b8%89-2/,https://aichikenkoutairen.jp/download/%e6%84%9b%e7%9f%a5%e7%9c%8c%e9%ab%98%e7%ad%89%e5%ad%a6%e6%a0%a1%e7%b7%8f%e5%90%88%e4%bd%93%e8%82%b2%e5%a4%a7%e4%bc%9a%e3%83%90%e3%83%89%e3%83%9f%e3%83%b3%e3%83%88%e3%83%b3%e7%ab%b6%e6%8a%80%e4%b8%89-2/?wpdmdl=4814,raw/愛知県高等学校総合体育大会バドミントン競技三-2.pdf,bd480e93d1c18d379e1f4ff23cad1229832664459c28776b2723c17169ba00d7,361597,
【バドミントン】第77回愛知県高等学校総合体育大会　バドミントン競技　三河支部予選会　男子結果,https://aichikenkoutairen.jp/download/%e6%84%9b%e7%9f%a5%e7%9c%8c%e9%ab%98%e7%ad%89%e5%ad%a6%e6%a0%a1%e7%b7%8f%e5%90%88%e4%bd%93%e8%82%b2%e5%a4%a7%e4%bc%9a%e3%83%90%e3%83%89%e3%83%9f%e3%83%b3%e3%83%88%e3%83%b3%e7%ab%b6%e6%8a%80%e4%b8%89/,https://aichikenkoutairen.jp/download/%e6%84%9b%e7%9f%a5%e7%9c%8c%e9%ab%98%e7%ad%89%e5%ad%a6%e6%a0%a1%e7%b7%8f%e5%90%88%e4%bd%93%e8%82%b2%e5%a4%a7%e4%bc%9a%e3%83%90%e3%83%89%e3%83%9f%e3%83%b3%e3%83%88%e3%83%b3%e7%ab%b6%e6%8a%80%e4%b8%89/?wpdmdl=4813,raw/愛知県高等学校総合体育大会バドミントン競技三.pdf,1561c26a0400df0ddf35d88812ca8cbe94e8c3fe2ead63c2789f9b637294c392,379914,
【バドミントン】第77回愛知県高等学校総合体育大会　バドミントン競技　尾張支部予選会　男子結果,https://aichikenkoutairen.jp/download/%e3%80%90%e3%83%90%e3%83%89%e3%83%9f%e3%83%b3%e3%83%88%e3%83%b3%e3%80%91%e7%ac%ac%ef%bc%97%ef%bc%97%e5%9b%9e%e6%84%9b%e7%9f%a5%e7%9c%8c%e9%ab%98%e7%ad%89%e5%ad%a6%e6%a0%a1%e7%b7%8f%e5%90%88%e4%bd%93-4/,https://aichikenkoutairen.jp/download/%e3%80%90%e3%83%90%e3%83%89%e3%83%9f%e3%83%b3%e3%83%88%e3%83%b3%e3%80%91%e7%ac%ac%ef%bc%97%ef%bc%97%e5%9b%9e%e6%84%9b%e7%9f%a5%e7%9c%8c%e9%ab%98%e7%ad%89%e5%ad%a6%e6%a0%a1%e7%b7%8f%e5%90%88%e4%bd%93-4/?wpdmdl=4783,raw/【バドミントン】第７７回愛知県高等学校総合体-4.pdf,f2299715f48ef33f43f3231286ae982ff47f3c82c8fd542088f5e90b82eec12a,603063,
【バドミントン】第77回愛知県高等学校総合体育大会　バドミントン競技　尾張支部予選会　女子結果,https://aichikenkoutairen.jp/download/%e3%80%90%e3%83%90%e3%83%89%e3%83%9f%e3%83%b3%e3%83%88%e3%83%b3%e3%80%91%e7%ac%ac%ef%bc%97%ef%bc%97%e5%9b%9e%e6%84%9b%e7%9f%a5%e7%9c%8c%e9%ab%98%e7%ad%89%e5%ad%a6%e6%a0%a1%e7%b7%8f%e5%90%88%e4%bd%93-3/,https://aichikenkoutairen.jp/download/%e3%80%90%e3%83%90%e3%83%89%e3%83%9f%e3%83%b3%e3%83%88%e3%83%b3%e3%80%91%e7%ac%ac%ef%bc%97%ef%bc%97%e5%9b%9e%e6%84%9b%e7%9f%a5%e7%9c%8c%e9%ab%98%e7%ad%89%e5%ad%a6%e6%a0%a1%e7%b7%8f%e5%90%88%e4%bd%93-3/?wpdmdl=4782,raw/【バドミントン】第７７回愛知県高等学校総合体-3.pdf,55bb47e179f294d6da7782175ab216cca58c0052b67e75b55fdc5e3a0b472eba,581899,
【バドミントン】第77回愛知県高等学校総合体育大会　バドミントン競技　名南・知多支部予選会　全結果,https://aichikenkoutairen.jp/download/%e3%80%90%e3%83%90%e3%83%89%e3%83%9f%e3%83%b3%e3%83%88%e3%83%b3%e3%80%91%e7%ac%ac%ef%bc%97%ef%bc%97%e5%9b%9e%e7%b7%8f%e5%90%88%e4%bd%93%e8%82%b2%e5%a4%a7%e4%bc%9a%e5%90%8d%e5%8d%97%e3%83%bb%e7%9f%a5-4/,https://aichikenkoutairen.jp/wp-content/uploads/2023/05/第７７回総体全結果まとめ.pdf,raw/2023-05_第７７回総体全結果まとめ.pdf,84071db6c932b18e723729067c2dea14bd1cdda0fe805e485137468835481890,970924,
【バドミントン】第77回愛知県高等学校総合体育大会　バドミントン競技　名古屋北支部予選会　全結果,https://aichikenkoutairen.jp/download/%e4%bb%a4%e5%92%8c%ef%bc%95%e5%b9%b4%e5%ba%a6%e7%b7%8f%e4%bd%93%e5%90%8d%e5%8c%97%e4%ba%88%e9%81%b8%e5%85%a8%e7%b5%90%e6%9e%9c/,https://aichikenkoutairen.jp/download/%e4%bb%a4%e5%92%8c%ef%bc%95%e5%b9%b4%e5%ba%a6%e7%b7%8f%e4%bd%93%e5%90%8d%e5%8c%97%e4%ba%88%e9%81%b8%e5%85%a8%e7%b5%90%e6%9e%9c/?wpdmdl=4772,raw/令和５年度総体名北予選全結果.pdf,92dcd05d8e1d1dd348b6b6962b78493418d810bf864e70ec1bdd3c20dffc613b,524770,
【バドミントン】第77回愛知県高等学校総合体育大会　バドミントン競技　名南・知多支部予選会　女子結果,https://aichikenkoutairen.jp/download/%e3%80%90%e3%83%90%e3%83%89%e3%83%9f%e3%83%b3%e3%83%88%e3%83%b3%e3%80%91%e7%ac%ac%ef%bc%97%ef%bc%97%e5%9b%9e%e7%b7%8f%e5%90%88%e4%bd%93%e8%82%b2%e5%a4%a7%e4%bc%9a%e5%90%8d%e5%8d%97%e3%83%bb%e7%9f%a5-3/,https://aichikenkoutairen.jp/wp-content/uploads/2023/05/７７回総体女子個人戦結果.pdf,raw/2023-05_７７回総体女子個人戦結果.pdf,b233727940d49d3f861dc626ff8184213ed8cc0c6742c025e7a0f2eed9211e42,371341,
【バドミントン】第77回愛知県高等学校総合体育大会　バドミントン競技　名南・知多支部予選会　男子結果,https://aichikenkoutairen.jp/download/%e3%80%90%e3%83%90%e3%83%89%e3%83%9f%e3%83%b3%e3%83%88%e3%83%b3%e3%80%91%e7%ac%ac%ef%bc%97%ef%bc%97%e5%9b%9e%e7%b7%8f%e5%90%88%e4%bd%93%e8%82%b2%e5%a4%a7%e4%bc%9a%e5%90%8d%e5%8d%97%e3%83%bb%e7%9f%a5-2/,https://aichikenkoutairen.jp/wp-content/uploads/2023/05/７７回総体男子個人戦結果.pdf,raw/2023-05_７７回総体男子個人戦結果.pdf,0061f418a5f0250e6df137bc73422e3dd2aa4738520aea6c396614f60265ed9b,400280,
【バドミントン】第77回愛知県高等学校総合体育大会　バドミントン競技　名南・知多支部予選会　男女学校対抗団体戦結果,https://aichikenkoutairen.jp/download/%e3%80%90%e3%83%90%e3%83%89%e3%83%9f%e3%83%b3%e3%83%88%e3%83%b3%e3%80%91%e7%ac%ac%ef%bc%97%ef%bc%97%e5%9b%9e%e7%b7%8f%e5%90%88%e4%bd%93%e8%82%b2%e5%a4%a7%e4%bc%9a%e5%90%8d%e5%8d%97%e3%83%bb%e7%9f%a5/,https://aichikenkoutairen.jp/wp-content/uploads/2023/05/第７７回総体学校対抗戦結果-1.pdf,raw/2023-05_第７７回総体学校対抗戦結果-1.pdf,cbdf9431d6526a4a5cac9b7de6e0173d58abf84ef03317f5fd3f631a8b6835fe,153277,
【バドミントン】第77回愛知県高等学校総合体育大会　バドミントン競技　名古屋北支部予選会　男女学校対抗団体戦結果,https://aichikenkoutairen.jp/download/%e4%bb%a4%e5%92%8c%ef%bc%95%e5%b9%b4%e5%ba%a6%e7%b7%8f%e4%bd%93%e5%90%8d%e5%8c%97%e4%ba%88%e9%81%b8%e7%94%b7%e5%a5%b3%e5%ad%a6%e6%a0%a1%e5%af%be%e6%8a%97%e6%88%a6%e7%b5%90%e6%9e%9c/,https://aichikenkoutairen.jp/download/%e4%bb%a4%e5%92%8c%ef%bc%95%e5%b9%b4%e5%ba%a6%e7%b7%8f%e4%bd%93%e5%90%8d%e5%8c%97%e4%ba%88%e9%81%b8%e7%94%b7%e5%a5%b3%e5%ad%a6%e6%a0%a1%e5%af%be%e6%8a%97%e6%88%a6%e7%b5%90%e6%9e%9c/?wpdmdl=4563,raw/令和５年度総体名北予選男女学校対抗戦結果.pdf,0aae3ab0a2d4fe1c7e70d9ca8247c6a6b53238665ddece086933722bcfc501d4,56957,
【バドミントン】令和４年度愛知県高等学校新人体育大会　バドミントン競技　三河支部予選会　女子結果一覧,https://aichikenkoutairen.jp/download/%e3%80%90%e3%83%90%e3%83%89%e3%83%9f%e3%83%b3%e3%83%88%e3%83%b3%e3%80%91%e4%bb%a4%e5%92%8c%ef%bc%94%e5%b9%b4%e5%ba%a6%e6%84%9b%e7%9f%a5%e7%9c%8c%e9%ab%98%e7%ad%89%e5%ad%a6%e6%a0%a1%e6%96%b0-10/,https://aichikenkoutairen.jp/download/%e3%80%90%e3%83%90%e3%83%89%e3%83%9f%e3%83%b3%e3%83%88%e3%83%b3%e3%80%91%e4%bb%a4%e5%92%8c%ef%bc%94%e5%b9%b4%e5%ba%a6%e6%84%9b%e7%9f%a5%e7%9c%8c%e9%ab%98%e7%ad%89%e5%ad%a6%e6%a0%a1%e6%96%b0-10/?wpdmdl=4422,raw/【バドミントン】令和４年度愛知県高等学校新-10.pdf,fecd5ad451b47d04d8af8694046843f841fa65d243221369dcd4f414f719e296,1201618,
【バドミントン】令和４年度愛知県高等学校新人体育大会　バドミントン競技　三河支部予選会　男子結果,https://aichikenkoutairen.jp/download/%e3%80%90%e3%83%90%e3%83%89%e3%83%9f%e3%83%b3%e3%83%88%e3%83%b3%e3%80%91%e4%bb%a4%e5%92%8c%ef%bc%94%e5%b9%b4%e5%ba%a6%e6%84%9b%e7%9f%a5%e7%9c%8c%e9%ab%98%e7%ad%89%e5%ad%a6%e6%a0%a1%e6%96%b0%e4%ba%ba-9/,https://aichikenkoutairen.jp/download/%e3%80%90%e3%83%90%e3%83%89%e3%83%9f%e3%83%b3%e3%83%88%e3%83%b3%e3%80%91%e4%bb%a4%e5%92%8c%ef%bc%94%e5%b9%b4%e5%ba%a6%e6%84%9b%e7%9f%a5%e7%9c%8c%e9%ab%98%e7%ad%89%e5%ad%a6%e6%a0%a1%e6%96%b0%e4%ba%ba-9/?wpdmdl=4421,raw/【バドミントン】令和４年度愛知県高等学校新人-9.pdf,497504465738de59d754aad8d9ae0782edbaa30ed4cba75f6f87861e2271fdde,1211391,
【バドミントン】令和４年度愛知県高等学校新人体育大会　バドミントン競技　結果一覧,https://aichikenkoutairen.jp/download/%e4%bb%a4%e5%92%8c%ef%bc%94%e5%b9%b4%e5%ba%a6%e6%84%9b%e7%9f%a5%e7%9c%8c%e9%ab%98%e7%ad%89%e5%ad%a6%e6%a0%a1%e6%96%b0%e4%ba%ba%e4%bd%93%e8%82%b2%e5%a4%a7%e4%bc%9a%e3%83%90%e3%83%89%e3%83%9f%e3%83%b3-7/,https://aichikenkoutairen.jp/wp-content/uploads/2022/11/令和４年度愛知県高等学校新人体育大会バドミントン競技県大会結果一覧.pdf,raw/2022-11_令和４年度愛知県高等学校新人体育大会バドミントン競技県大会結果一覧.pdf,1d66e2870cced18d361217d579d616c737abadcd941842e2d4f0c1efa2b2a697,738075,
